<?xml version="1.0" encoding="UTF-8"?>
<!DOCTYPE mapper PUBLIC "-//mybatis.org//DTD Mapper 3.0//EN" "http://mybatis.org/dtd/mybatis-3-mapper.dtd">
<mapper namespace="com.cloudSeckill.dao.mapper.UserMapper">
  <resultMap id="BaseResultMap" type="com.cloudSeckill.dao.domain.User">
    <id column="id" jdbcType="INTEGER" property="id" />
    <result column="from_user_name" jdbcType="VARCHAR" property="fromUserName" />
    <result column="user_id" jdbcType="CHAR" property="userId" />
    <result column="head_img" jdbcType="VARCHAR" property="headImg" />
    <result column="name" jdbcType="CHAR" property="name" />
    <result column="income" jdbcType="INTEGER" property="income" />
    <result column="wechat_id" jdbcType="CHAR" property="wechatId" />
    <result column="expir_time" jdbcType="DATE" property="expirTime" />
    <result column="online_status" jdbcType="INTEGER" property="onlineStatus" />
    <result column="create_time" jdbcType="INTEGER" property="createTime" />
    <result column="pick_type" jdbcType="INTEGER" property="pickType" />
    <result column="pick_delay_time" jdbcType="INTEGER" property="pickDelayTime" />
    <result column="pick_delay" jdbcType="INTEGER" property="pickDelay" />
    <result column="pick_group_list_json" jdbcType="VARCHAR" property="pickGroupListJson" />
    <result column="auto_pick_personal" jdbcType="INTEGER" property="autoPickPersonal" />
    <result column="auto_receive_transfer" jdbcType="INTEGER" property="autoReceiveTransfer" />
    <result column="token" jdbcType="VARCHAR" property="token"/>
  </resultMap>
  <sql id="Example_Where_Clause">
    <where>
      <foreach collection="oredCriteria" item="criteria" separator="or">
        <if test="criteria.valid">
          <trim prefix="(" prefixOverrides="and" suffix=")">
            <foreach collection="criteria.criteria" item="criterion">
              <choose>
                <when test="criterion.noValue">
                  and ${criterion.condition}
                </when>
                <when test="criterion.singleValue">
                  and ${criterion.condition} #{criterion.value}
                </when>
                <when test="criterion.betweenValue">
                  and ${criterion.condition} #{criterion.value} and #{criterion.secondValue}
                </when>
                <when test="criterion.listValue">
                  and ${criterion.condition}
                  <foreach close=")" collection="criterion.value" item="listItem" open="(" separator=",">
                    #{listItem}
                  </foreach>
                </when>
              </choose>
            </foreach>
          </trim>
        </if>
      </foreach>
    </where>
  </sql>
  <sql id="Update_By_Example_Where_Clause">
    <where>
      <foreach collection="example.oredCriteria" item="criteria" separator="or">
        <if test="criteria.valid">
          <trim prefix="(" prefixOverrides="and" suffix=")">
            <foreach collection="criteria.criteria" item="criterion">
              <choose>
                <when test="criterion.noValue">
                  and ${criterion.condition}
                </when>
                <when test="criterion.singleValue">
                  and ${criterion.condition} #{criterion.value}
                </when>
                <when test="criterion.betweenValue">
                  and ${criterion.condition} #{criterion.value} and #{criterion.secondValue}
                </when>
                <when test="criterion.listValue">
                  and ${criterion.condition}
                  <foreach close=")" collection="criterion.value" item="listItem" open="(" separator=",">
                    #{listItem}
                  </foreach>
                </when>
              </choose>
            </foreach>
          </trim>
        </if>
      </foreach>
    </where>
  </sql>
  <sql id="Base_Column_List">
    id, from_user_name, user_id, head_img, name, income, wechat_id, expir_time, online_status, 
    create_time, pick_type, pick_delay_time, pick_delay, pick_group_list_json, auto_pick_personal, 
    auto_receive_transfer,token
  </sql>
  <select id="selectByExample" parameterType="com.cloudSeckill.dao.domain.UserExample" resultMap="BaseResultMap">
    select
    <if test="distinct">
      distinct
    </if>
    <include refid="Base_Column_List" />
    from user
    <if test="_parameter != null">
      <include refid="Example_Where_Clause" />
    </if>
    <if test="orderByClause != null">
      order by ${orderByClause}
    </if>
    <if test="limitStart>= 0">
       limit ${limitStart} , ${limitLength}
    </if>
  </select>
  <select id="selectByPrimaryKey" parameterType="java.lang.Integer" resultMap="BaseResultMap">
    select 
    <include refid="Base_Column_List" />
    from user
    where id = #{id,jdbcType=INTEGER}
  </select>
  <delete id="deleteByPrimaryKey" parameterType="java.lang.Integer">
    delete from user
    where id = #{id,jdbcType=INTEGER}
  </delete>
  <delete id="deleteByExample" parameterType="com.cloudSeckill.dao.domain.UserExample">
    delete from user
    <if test="_parameter != null">
      <include refid="Example_Where_Clause" />
    </if>
  </delete>
  <insert id="insert" parameterType="com.cloudSeckill.dao.domain.User">
    insert into user (id, from_user_name, user_id, 
      head_img, name, income, 
      wechat_id, expir_time, online_status, 
      create_time, pick_type, pick_delay_time, 
      pick_delay, pick_group_list_json, auto_pick_personal, 
      auto_receive_transfer)
    values (#{id,jdbcType=INTEGER}, #{fromUserName,jdbcType=VARCHAR}, #{userId,jdbcType=CHAR}, 
      #{headImg,jdbcType=VARCHAR}, #{name,jdbcType=CHAR}, #{income,jdbcType=INTEGER}, 
      #{wechatId,jdbcType=CHAR}, #{expirTime,jdbcType=DATE}, #{onlineStatus,jdbcType=INTEGER}, 
      #{createTime,jdbcType=INTEGER}, #{pickType,jdbcType=INTEGER}, #{pickDelayTime,jdbcType=INTEGER}, 
      #{pickDelay,jdbcType=INTEGER}, #{pickGroupListJson,jdbcType=VARCHAR}, #{autoPickPersonal,jdbcType=INTEGER}, 
      #{autoReceiveTransfer,jdbcType=INTEGER})
  </insert>
  <insert id="insertSelective"  keyProperty="id" useGeneratedKeys="true" parameterType="com.cloudSeckill.dao.domain.User">
    insert into user
    <trim prefix="(" suffix=")" suffixOverrides=",">
      <if test="id != null">
        id,
      </if>
      <if test="fromUserName != null">
        from_user_name,
      </if>
      <if test="userId != null">
        user_id,
      </if>
      <if test="headImg != null">
        head_img,
      </if>
      <if test="name != null">
        name,
      </if>
      <if test="income != null">
        income,
      </if>
      <if test="wechatId != null">
        wechat_id,
      </if>
      <if test="expirTime != null">
        expir_time,
      </if>
      <if test="onlineStatus != null">
        online_status,
      </if>
      <if test="createTime != null">
        create_time,
      </if>
      <if test="pickType != null">
        pick_type,
      </if>
      <if test="pickDelayTime != null">
        pick_delay_time,
      </if>
      <if test="pickDelay != null">
        pick_delay,
      </if>
      <if test="pickGroupListJson != null">
        pick_group_list_json,
      </if>
      <if test="autoPickPersonal != null">
        auto_pick_personal,
      </if>
      <if test="autoReceiveTransfer != null">
        auto_receive_transfer,
      </if>
    </trim>
    <trim prefix="values (" suffix=")" suffixOverrides=",">
      <if test="id != null">
        #{id,jdbcType=INTEGER},
      </if>
      <if test="fromUserName != null">
        #{fromUserName,jdbcType=VARCHAR},
      </if>
      <if test="userId != null">
        #{userId,jdbcType=CHAR},
      </if>
      <if test="headImg != null">
        #{headImg,jdbcType=VARCHAR},
      </if>
      <if test="name != null">
        #{name,jdbcType=CHAR},
      </if>
      <if test="income != null">
        #{income,jdbcType=INTEGER},
      </if>
      <if test="wechatId != null">
        #{wechatId,jdbcType=CHAR},
      </if>
      <if test="expirTime != null">
        #{expirTime,jdbcType=DATE},
      </if>
      <if test="onlineStatus != null">
        #{onlineStatus,jdbcType=INTEGER},
      </if>
      <if test="createTime != null">
        #{createTime,jdbcType=INTEGER},
      </if>
      <if test="pickType != null">
        #{pickType,jdbcType=INTEGER},
      </if>
      <if test="pickDelayTime != null">
        #{pickDelayTime,jdbcType=INTEGER},
      </if>
      <if test="pickDelay != null">
        #{pickDelay,jdbcType=INTEGER},
      </if>
      <if test="pickGroupListJson != null">
        #{pickGroupListJson,jdbcType=VARCHAR},
      </if>
      <if test="autoPickPersonal != null">
        #{autoPickPersonal,jdbcType=INTEGER},
      </if>
      <if test="autoReceiveTransfer != null">
        #{autoReceiveTransfer,jdbcType=INTEGER},
      </if>
    </trim>
  </insert>
  <select id="countByExample" parameterType="com.cloudSeckill.dao.domain.UserExample" resultType="java.lang.Long">
    select count(*) from user
    <if test="_parameter != null">
      <include refid="Example_Where_Clause" />
    </if>
  </select>
  <update id="updateByExampleSelective" parameterType="map">
    update user
    <set>
      <if test="record.id != null">
        id = #{record.id,jdbcType=INTEGER},
      </if>
      <if test="record.fromUserName != null">
        from_user_name = #{record.fromUserName,jdbcType=VARCHAR},
      </if>
      <if test="record.userId != null">
        user_id = #{record.userId,jdbcType=CHAR},
      </if>
      <if test="record.headImg != null">
        head_img = #{record.headImg,jdbcType=VARCHAR},
      </if>
      <if test="record.name != null">
        name = #{record.name,jdbcType=CHAR},
      </if>
      <if test="record.income != null">
        income = #{record.income,jdbcType=INTEGER},
      </if>
      <if test="record.wechatId != null">
        wechat_id = #{record.wechatId,jdbcType=CHAR},
      </if>
      <if test="record.expirTime != null">
        expir_time = #{record.expirTime,jdbcType=DATE},
      </if>
      <if test="record.onlineStatus != null">
        online_status = #{record.onlineStatus,jdbcType=INTEGER},
      </if>
      <if test="record.createTime != null">
        create_time = #{record.createTime,jdbcType=INTEGER},
      </if>
      <if test="record.pickType != null">
        pick_type = #{record.pickType,jdbcType=INTEGER},
      </if>
      <if test="record.pickDelayTime != null">
        pick_delay_time = #{record.pickDelayTime,jdbcType=INTEGER},
      </if>
      <if test="record.pickDelay != null">
        pick_delay = #{record.pickDelay,jdbcType=INTEGER},
      </if>
      <if test="record.pickGroupListJson != null">
        pick_group_list_json = #{record.pickGroupListJson,jdbcType=VARCHAR},
      </if>
      <if test="record.autoPickPersonal != null">
        auto_pick_personal = #{record.autoPickPersonal,jdbcType=INTEGER},
      </if>
      <if test="record.autoReceiveTransfer != null">
        auto_receive_transfer = #{record.autoReceiveTransfer,jdbcType=INTEGER},
      </if>
    </set>
    <if test="_parameter != null">
      <include refid="Update_By_Example_Where_Clause" />
    </if>
  </update>

  <update id="updateByExample" parameterType="map">
    update user
    set id = #{record.id,jdbcType=INTEGER},
    from_user_name = #{record.fromUserName,jdbcType=VARCHAR},
    user_id = #{record.userId,jdbcType=CHAR},
    head_img = #{record.headImg,jdbcType=VARCHAR},
    name = #{record.name,jdbcType=CHAR},
    income = #{record.income,jdbcType=INTEGER},
    wechat_id = #{record.wechatId,jdbcType=CHAR},
    expir_time = #{record.expirTime,jdbcType=DATE},
    online_status = #{record.onlineStatus,jdbcType=INTEGER},
    create_time = #{record.createTime,jdbcType=INTEGER},
    pick_type = #{record.pickType,jdbcType=INTEGER},
    pick_delay_time = #{record.pickDelayTime,jdbcType=INTEGER},
    pick_delay = #{record.pickDelay,jdbcType=INTEGER},
    pick_group_list_json = #{record.pickGroupListJson,jdbcType=VARCHAR},
    auto_pick_personal = #{record.autoPickPersonal,jdbcType=INTEGER},
    auto_receive_transfer = #{record.autoReceiveTransfer,jdbcType=INTEGER},
    token = #{record.token,jdbcType=VARCHAR}
    <if test="_parameter != null">
      <include refid="Update_By_Example_Where_Clause" />
    </if>
  </update>
  <update id="updateByPrimaryKeySelective" parameterType="com.cloudSeckill.dao.domain.User">
    update user
    <set>
      <if test="fromUserName != null">
        from_user_name = #{fromUserName,jdbcType=VARCHAR},
      </if>
      <if test="userId != null">
        user_id = #{userId,jdbcType=CHAR},
      </if>
      <if test="headImg != null">
        head_img = #{headImg,jdbcType=VARCHAR},
      </if>
      <if test="name != null">
        name = #{name,jdbcType=CHAR},
      </if>
      <if test="income != null">
        income = #{income,jdbcType=INTEGER},
      </if>
      <if test="wechatId != null">
        wechat_id = #{wechatId,jdbcType=CHAR},
      </if>
      <if test="expirTime != null">
        expir_time = #{expirTime,jdbcType=DATE},
      </if>
      <if test="onlineStatus != null">
        online_status = #{onlineStatus,jdbcType=INTEGER},
      </if>
      <if test="createTime != null">
        create_time = #{createTime,jdbcType=INTEGER},
      </if>
      <if test="pickType != null">
        pick_type = #{pickType,jdbcType=INTEGER},
      </if>
      <if test="pickDelayTime != null">
        pick_delay_time = #{pickDelayTime,jdbcType=INTEGER},
      </if>
      <if test="pickDelay != null">
        pick_delay = #{pickDelay,jdbcType=INTEGER},
      </if>
      <if test="pickGroupListJson != null">
        pick_group_list_json = #{pickGroupListJson,jdbcType=VARCHAR},
      </if>
      <if test="autoPickPersonal != null">
        auto_pick_personal = #{autoPickPersonal,jdbcType=INTEGER},
      </if>
      <if test="autoReceiveTransfer != null">
        auto_receive_transfer = #{autoReceiveTransfer,jdbcType=INTEGER},
      </if>
    </set>
    where id = #{id,jdbcType=INTEGER}
  </update>
  <update id="updateByPrimaryKey" parameterType="com.cloudSeckill.dao.domain.User">
    update user
    set from_user_name = #{fromUserName,jdbcType=VARCHAR},
      user_id = #{userId,jdbcType=CHAR},
      head_img = #{headImg,jdbcType=VARCHAR},
      name = #{name,jdbcType=CHAR},
      income = #{income,jdbcType=INTEGER},
      wechat_id = #{wechatId,jdbcType=CHAR},
      expir_time = #{expirTime,jdbcType=DATE},
      online_status = #{onlineStatus,jdbcType=INTEGER},
      create_time = #{createTime,jdbcType=INTEGER},
      pick_type = #{pickType,jdbcType=INTEGER},
      pick_delay_time = #{pickDelayTime,jdbcType=INTEGER},
      pick_delay = #{pickDelay,jdbcType=INTEGER},
      pick_group_list_json = #{pickGroupListJson,jdbcType=VARCHAR},
      auto_pick_personal = #{autoPickPersonal,jdbcType=INTEGER},
      auto_receive_transfer = #{autoReceiveTransfer,jdbcType=INTEGER}
    where id = #{id,jdbcType=INTEGER}
  </update>
  
  
  <update id="updateByWechatId" parameterType="com.cloudSeckill.dao.domain.User">
    update user set 
      user_id = "",
      head_img = "",
      wechat_id = "",
      name = "",
      online_status = 2,
      token = ""
    where wechat_id = #{wechatId}
  </update>
</mapper>